iso_numeric,name,latitude,longitude
004,"Afghanistan",33.819,65.926
008,"Albania",41.135,20.052
010,"Antarctica",-84.939,82.071
012,"Algeria",28.056,2.631
016,"American Samoa",-14.305,-170.718
020,"Andorra",42.542,1.561
024,"Angola",-12.271,17.532
028,"Antigua and Barb.",17.276,-61.794
031,"Azerbaijan",40.287,47.548
032,"Argentina",-34.684,-64.763
036,"Australia",-25.764,134.304
040,"Austria",47.592,14.110
044,"Bahamas",24.279,-76.591
048,"Bahrain",26.042,50.542
050,"Bangladesh",23.861,90.247
051,"Armenia",40.288,44.938
052,"Barbados",13.181,-59.560
056,"Belgium",50.639,4.646
060,"Bermuda",32.313,-64.756
064,"Bhutan",27.412,90.402
068,"Bolivia",-16.682,-64.698
070,"Bosnia and Herz.",44.171,17.775
072,"Botswana",-22.166,23.809
076,"Brazil",-10.639,-53.216
084,"Belize",17.199,-88.711
086,"Br. Indian Ocean Ter.",-7.331,72.445
090,"Solomon Is.",-8.922,159.620
092,"British Virgin Is.",18.528,-64.470
096,"Brunei",4.520,114.722
100,"Bulgaria",42.771,25.209
104,"Myanmar",21.113,96.495
108,"Burundi",-3.359,29.875
112,"Belarus",53.519,28.016
116,"Cambodia",12.719,104.905
120,"Cameroon",5.681,12.734
124,"Canada",60.417,-96.549
132,"Cabo Verde",15.955,-23.958
136,"Cayman Is.",19.430,-80.913
140,"Central African Rep.",6.572,20.462
144,"Sri Lanka",7.611,80.702
148,"Chad",15.275,18.635
152,"Chile",-36.075,-71.056
156,"China",36.691,103.378
158,"Taiwan",23.750,120.951
170,"Colombia",3.903,-73.077
174,"Comoros",-11.879,43.684
178,"Congo",-0.837,15.221
180,"Dem. Rep. Congo",-2.865,23.638
184,"Cook Is.",-21.220,-159.787
188,"Costa Rica",9.976,-84.190
191,"Croatia",45.076,16.401
192,"Cuba",21.638,-78.987
196,"Cyprus",34.917,33.006
203,"Czechia",49.738,15.319
204,"Benin",9.636,2.327
208,"Denmark",55.975,10.042
212,"Dominica",15.439,-61.358
214,"Dominican Rep.",18.895,-70.505
218,"Ecuador",-1.424,-78.749
222,"El Salvador",13.740,-88.871
226,"Eq. Guinea",1.706,10.342
231,"Ethiopia",8.614,39.610
232,"Eritrea",15.361,38.857
233,"Estonia",58.673,25.545
234,"Faeroe Is.",62.053,-6.881
238,"Falkland Is.",-51.747,-59.351
239,"S. Geo. and the Is.",-54.464,-36.486
242,"Fiji",-17.428,178.512
246,"Finland",64.255,26.195
248,"Åland",60.215,19.953
250,"France",42.955,-6.677
258,"Fr. Polynesia",-14.728,-144.805
260,"Fr. S. Antarctic Lands",-49.268,69.199
262,"Djibouti",11.749,42.560
266,"Gabon",-0.586,11.788
268,"Georgia",42.173,43.524
270,"Gambia",13.451,-15.396
275,"Palestine",31.915,35.195
276,"Germany",51.051,10.364
288,"Ghana",7.948,-1.217
296,"Kiribati",0.893,-167.922
300,"Greece",39.048,22.965
304,"Greenland",73.081,-41.813
308,"Grenada",12.117,-61.682
316,"Guam",13.441,144.767
320,"Guatemala",15.690,-90.367
324,"Guinea",10.437,-10.935
328,"Guyana",4.790,-58.980
332,"Haiti",18.935,-72.687
334,"Heard I. and McDonald Is.",-53.087,73.520
336,"Vatican",41.902,12.434
340,"Honduras",14.829,-86.618
344,"Hong Kong",22.398,114.114
348,"Hungary",47.166,19.379
352,"Iceland",64.998,-18.580
356,"India",22.777,79.564
360,"Indonesia",-2.264,117.181
364,"Iran",32.527,54.441
368,"Iraq",33.010,43.774
372,"Ireland",53.162,-8.146
376,"Israel",31.452,35.000
380,"Italy",42.716,12.201
384,"Côte d'Ivoire",7.626,-5.569
388,"Jamaica",18.157,-77.315
392,"Japan",37.461,137.660
398,"Kazakhstan",48.362,67.246
400,"Jordan",31.239,36.757
404,"Kenya",0.600,37.796
408,"North Korea",40.140,127.159
410,"South Korea",36.373,127.835
414,"Kuwait",29.333,47.588
417,"Kyrgyzstan",41.474,74.509
418,"Laos",18.487,103.775
422,"Lebanon",33.921,35.878
426,"Lesotho",-29.579,28.229
428,"Latvia",56.860,24.920
430,"Liberia",6.452,-9.320
434,"Libya",27.017,18.066
438,"Liechtenstein",47.137,9.536
440,"Lithuania",55.324,23.897
442,"Luxembourg",49.767,6.072
446,"Macao",22.223,113.509
450,"Madagascar",-19.317,46.743
454,"Malawi",-13.204,34.283
458,"Malaysia",3.811,109.700
462,"Maldives",3.732,73.457
466,"Mali",17.315,-3.590
470,"Malta",35.922,14.405
478,"Mauritania",20.220,-10.370
480,"Mauritius",-20.278,57.571
484,"Mexico",23.924,-102.171
492,"Monaco",43.753,7.407
496,"Mongolia",46.956,103.124
498,"Moldova",47.187,28.466
499,"Montenegro",42.788,19.239
500,"Montserrat",16.740,-62.186
504,"Morocco",29.767,-8.728
508,"Mozambique",-17.196,35.603
512,"Oman",20.586,56.062
516,"Namibia",-22.070,17.195
520,"Nauru",-0.519,166.933
524,"Nepal",28.258,83.947
528,"Netherlands",52.226,4.983
531,"Curaçao",12.196,-68.972
533,"Aruba",12.521,-69.983
534,"Sint Maarten",18.051,-63.057
540,"New Caledonia",-21.301,165.680
548,"Vanuatu",-16.217,167.675
554,"New Zealand",-41.702,172.922
558,"Nicaragua",12.845,-85.032
562,"Niger",17.412,9.332
566,"Nigeria",9.591,8.080
570,"Niue",-19.049,-169.870
574,"Norfolk Island",-29.052,167.950
578,"Norway",66.361,12.746
580,"N. Mariana Is.",15.829,145.619
583,"Micronesia",7.536,153.297
584,"Marshall Is.",7.015,170.331
585,"Palau",7.286,134.406
586,"Pakistan",29.884,69.168
591,"Panama",8.520,-80.119
598,"Papua New Guinea",-6.469,145.201
600,"Paraguay",-23.209,-58.443
604,"Peru",-9.107,-74.421
608,"Philippines",11.729,122.919
612,"Pitcairn Is.",-24.365,-128.317
616,"Poland",52.112,19.420
620,"Portugal",39.606,-8.529
624,"Guinea-Bissau",12.048,-14.950
626,"Timor-Leste",-8.829,125.846
630,"Puerto Rico",18.229,-66.473
634,"Qatar",25.305,51.184
642,"Romania",45.849,24.983
643,"Russia",66.032,95.642
646,"Rwanda",-1.990,29.920
652,"St-Barthélemy",17.899,-62.841
654,"Saint Helena",-12.355,-9.701
659,"St. Kitts and Nevis",17.265,-62.687
660,"Anguilla",18.224,-63.066
662,"Saint Lucia",13.895,-60.970
663,"St-Martin",18.089,-63.060
666,"St. Pierre and Miquelon",46.919,-56.304
670,"St. Vin. and Gren.",13.225,-61.201
674,"San Marino",43.942,12.459
678,"São Tomé and Principe",0.443,6.723
682,"Saudi Arabia",24.087,44.663
686,"Senegal",14.365,-14.469
688,"Serbia",44.211,20.806
690,"Seychelles",-4.660,55.476
694,"Sierra Leone",8.562,-11.793
702,"Singapore",1.359,103.817
703,"Slovakia",48.711,19.469
704,"Vietnam",16.544,106.346
705,"Slovenia",46.116,14.801
706,"Somalia",4.740,45.680
710,"South Africa",-28.974,25.194
716,"Zimbabwe",-18.997,29.851
724,"Spain",40.207,-3.704
728,"S. Sudan",7.309,30.251
729,"Sudan",15.968,29.907
732,"W. Sahara",24.212,-12.271
740,"Suriname",4.130,-55.913
748,"eSwatini",-26.558,31.482
752,"Sweden",62.383,16.267
756,"Switzerland",46.799,8.206
760,"Syria",35.019,38.488
762,"Tajikistan",38.537,71.027
764,"Thailand",15.083,101.001
768,"Togo",8.521,0.964
776,"Tonga",-20.416,-174.800
780,"Trinidad and Tobago",10.457,-61.266
784,"United Arab Emirates",23.905,54.293
788,"Tunisia",34.089,9.556
792,"Turkey",39.137,35.173
795,"Turkmenistan",39.125,59.447
796,"Turks and Caicos Is.",21.831,-71.973
800,"Uganda",1.274,32.369
804,"Ukraine",49.196,31.316
807,"Macedonia",41.595,21.681
818,"Egypt",26.460,29.878
826,"United Kingdom",54.011,-2.758
831,"Guernsey",49.468,-2.573
832,"Jersey",49.218,-2.127
833,"Isle of Man",54.224,-4.539
834,"Tanzania",-6.268,34.802
840,"United States of America",44.744,-103.630
850,"U.S. Virgin Is.",17.956,-64.803
854,"Burkina Faso",12.271,-1.761
858,"Uruguay",-32.791,-56.025
860,"Uzbekistan",41.776,63.303
862,"Venezuela",7.122,-66.171
876,"Wallis and Futuna Is.",-13.890,-177.347
882,"Samoa",-13.754,-172.165
887,"Yemen",15.917,47.568
894,"Zambia",-13.455,27.809
